"design","accuracy"
"Feature selection BEFORE CV (leaky)",0.95
"Feature selection BEFORE CV (leaky)",1
"Feature selection BEFORE CV (leaky)",0.975
"Feature selection BEFORE CV (leaky)",1
"Feature selection BEFORE CV (leaky)",0.95
"Feature selection BEFORE CV (leaky)",0.975
"Feature selection BEFORE CV (leaky)",1
"Feature selection BEFORE CV (leaky)",0.95
"Feature selection BEFORE CV (leaky)",0.975
"Feature selection BEFORE CV (leaky)",0.975
"Feature selection BEFORE CV (leaky)",0.975
"Feature selection BEFORE CV (leaky)",0.975
"Feature selection BEFORE CV (leaky)",0.975
"Feature selection BEFORE CV (leaky)",0.975
"Feature selection BEFORE CV (leaky)",0.95
"Feature selection BEFORE CV (leaky)",0.95
"Feature selection BEFORE CV (leaky)",0.975
"Feature selection BEFORE CV (leaky)",0.975
"Feature selection BEFORE CV (leaky)",0.975
"Feature selection BEFORE CV (leaky)",0.975
"Feature selection BEFORE CV (leaky)",0.95
"Feature selection BEFORE CV (leaky)",0.975
"Feature selection BEFORE CV (leaky)",1
"Feature selection BEFORE CV (leaky)",0.975
"Feature selection BEFORE CV (leaky)",0.975
"Feature selection BEFORE CV (leaky)",0.9
"Feature selection BEFORE CV (leaky)",0.925
"Feature selection BEFORE CV (leaky)",0.925
"Feature selection BEFORE CV (leaky)",0.975
"Feature selection BEFORE CV (leaky)",0.975
"Feature selection BEFORE CV (leaky)",1
"Feature selection BEFORE CV (leaky)",0.975
"Feature selection BEFORE CV (leaky)",0.975
"Feature selection BEFORE CV (leaky)",0.975
"Feature selection BEFORE CV (leaky)",1
"Feature selection BEFORE CV (leaky)",0.95
"Feature selection BEFORE CV (leaky)",0.925
"Feature selection BEFORE CV (leaky)",1
"Feature selection BEFORE CV (leaky)",1
"Feature selection BEFORE CV (leaky)",0.925
"Feature selection BEFORE CV (leaky)",0.95
"Feature selection BEFORE CV (leaky)",0.95
"Feature selection BEFORE CV (leaky)",1
"Feature selection BEFORE CV (leaky)",0.925
"Feature selection BEFORE CV (leaky)",0.975
"Feature selection BEFORE CV (leaky)",1
"Feature selection BEFORE CV (leaky)",0.95
"Feature selection BEFORE CV (leaky)",0.925
"Feature selection BEFORE CV (leaky)",0.95
"Feature selection BEFORE CV (leaky)",0.95
"Feature selection INSIDE CV (correct)",0.6
"Feature selection INSIDE CV (correct)",0.325
"Feature selection INSIDE CV (correct)",0.625
"Feature selection INSIDE CV (correct)",0.3
"Feature selection INSIDE CV (correct)",0.5
"Feature selection INSIDE CV (correct)",0.55
"Feature selection INSIDE CV (correct)",0.475
"Feature selection INSIDE CV (correct)",0.45
"Feature selection INSIDE CV (correct)",0.5
"Feature selection INSIDE CV (correct)",0.5
"Feature selection INSIDE CV (correct)",0.375
"Feature selection INSIDE CV (correct)",0.525
"Feature selection INSIDE CV (correct)",0.6
"Feature selection INSIDE CV (correct)",0.45
"Feature selection INSIDE CV (correct)",0.425
"Feature selection INSIDE CV (correct)",0.55
"Feature selection INSIDE CV (correct)",0.35
"Feature selection INSIDE CV (correct)",0.425
"Feature selection INSIDE CV (correct)",0.4
"Feature selection INSIDE CV (correct)",0.45
"Feature selection INSIDE CV (correct)",0.525
"Feature selection INSIDE CV (correct)",0.575
"Feature selection INSIDE CV (correct)",0.45
"Feature selection INSIDE CV (correct)",0.7
"Feature selection INSIDE CV (correct)",0.4
"Feature selection INSIDE CV (correct)",0.4
"Feature selection INSIDE CV (correct)",0.35
"Feature selection INSIDE CV (correct)",0.25
"Feature selection INSIDE CV (correct)",0.475
"Feature selection INSIDE CV (correct)",0.45
"Feature selection INSIDE CV (correct)",0.325
"Feature selection INSIDE CV (correct)",0.425
"Feature selection INSIDE CV (correct)",0.55
"Feature selection INSIDE CV (correct)",0.5
"Feature selection INSIDE CV (correct)",0.3
"Feature selection INSIDE CV (correct)",0.35
"Feature selection INSIDE CV (correct)",0.475
"Feature selection INSIDE CV (correct)",0.7
"Feature selection INSIDE CV (correct)",0.7
"Feature selection INSIDE CV (correct)",0.55
"Feature selection INSIDE CV (correct)",0.5
"Feature selection INSIDE CV (correct)",0.6
"Feature selection INSIDE CV (correct)",0.4
"Feature selection INSIDE CV (correct)",0.475
"Feature selection INSIDE CV (correct)",0.55
"Feature selection INSIDE CV (correct)",0.525
"Feature selection INSIDE CV (correct)",0.425
"Feature selection INSIDE CV (correct)",0.375
"Feature selection INSIDE CV (correct)",0.35
"Feature selection INSIDE CV (correct)",0.425
