field,total,reviews,non_reviews
Molecular & cell biology,15146,749,14397
Biochemistry & structural biology,1136,107,1029
Biotechnology & bioprocessing,4707,294,4413
Microbiology & microbiome,13674,1641,12033
Pharmacy & pharmacology,10456,1856,8600
Plant & animal breeding,2434,188,2246
Genetics,31971,1996,29975
Genomics & epigenomics,24632,1359,23273
Transcriptomics (bulk & single-cell),11613,732,10881
Proteomics & metabolomics,15127,1109,14018
Multi-omics & systems biology,3019,538,2481
Functional genomics screens,712,84,628
Bioinformatics & computational biology,9741,662,9079
"Data science, ML & health informatics",13113,1997,11116
Medical & clinical sciences,92139,6599,85540
Preclinical animal research,18144,2445,15699
Neuroscience,17699,2600,15099
Ecology & evolution,6520,988,5532
