"d","n","alpha"
0.2,394,0.05
0.25,253,0.05
0.3,176,0.05
0.35,130,0.05
0.4,100,0.05
0.45,79,0.05
0.5,64,0.05
0.55,53,0.05
0.6,45,0.05
0.65,39,0.05
0.7,34,0.05
0.75,29,0.05
0.8,26,0.05
0.85,23,0.05
0.9,21,0.05
0.95,19,0.05
1,17,0.05
1.05,16,0.05
1.1,15,0.05
1.15,13,0.05
1.2,12,0.05
1.25,12,0.05
1.3,11,0.05
1.35,10,0.05
1.4,10,0.05
1.45,9,0.05
1.5,9,0.05
1.55,8,0.05
1.6,8,0.05
1.65,7,0.05
1.7,7,0.05
1.75,7,0.05
1.8,6,0.05
1.85,6,0.05
1.9,6,0.05
1.95,6,0.05
2,6,0.05
0.2,668,0.005
0.25,428,0.005
0.3,298,0.005
0.35,220,0.005
0.4,169,0.005
0.45,134,0.005
0.5,109,0.005
0.55,91,0.005
0.6,76,0.005
0.65,66,0.005
0.7,57,0.005
0.75,50,0.005
0.8,44,0.005
0.85,39,0.005
0.9,35,0.005
0.95,32,0.005
1,29,0.005
1.05,27,0.005
1.1,25,0.005
1.15,23,0.005
1.2,21,0.005
1.25,20,0.005
1.3,18,0.005
1.35,17,0.005
1.4,16,0.005
1.45,15,0.005
1.5,14,0.005
1.55,14,0.005
1.6,13,0.005
1.65,12,0.005
1.7,12,0.005
1.75,11,0.005
1.8,11,0.005
1.85,10,0.005
1.9,10,0.005
1.95,10,0.005
2,9,0.005
