field,identified
Molecular & cell biology,5532
Biochemistry & structural biology,452
Biotechnology & bioprocessing,796
Microbiology & microbiome,5386
Pharmacy & pharmacology,2744
Plant & animal breeding,502
Genetics,19550
Genomics & epigenomics,13796
Transcriptomics (bulk & single-cell),3060
Proteomics & metabolomics,2258
Multi-omics & systems biology,708
Functional genomics screens,297
Bioinformatics & computational biology,9067
"Data science, ML & health informatics",3001
Medical & clinical sciences,9030
Preclinical animal research,5116
Neuroscience,3668
Ecology & evolution,2929
